Entry_Date,Entry_Time,Exit_Date,Exit_Time,Underlying_Symbol,Strategy_Direction,Execution_Mode,Entry_Label,Exit_Label,Underlying_Entry_Price,Underlying_Exit_Price,Option_Symbol,Option_Strike,Option_Type,Option_Entry_Price,Option_Exit_Price,Entry_Fair_Value,Exit_Fair_Value,Entry_Limit_Price,Exit_Limit_Price,Entry_Spread_Pct,Exit_Spread_Pct,Entry_Quote_Source,Exit_Quote_Source,Entry_Pricing_Mode,Exit_Pricing_Mode,Entry_Repriced,Exit_Repriced,Entry_Slippage_vs_Fair,Exit_Slippage_vs_Fair,Qty,PnL,Trade_ID
2026-04-16,09:18:31,2026-04-16,09:18:42,NIFTY,SELL,TYPE_B,PASSIVE,HIT_BID,24370.25,24370.05,NIFTY21APR2624400PE,24400.0,PE,219.05,218.35,218.83,218.6,220.0,215.0,0.022844,0.022878,ws,ws,type_b_ladder,type_b_ladder,False,False,0.2211,-0.25,65,-45.5,strategy_S9-150__TYPE_B:NIFTY:2026-04-16T09:18:31:SHORT
2026-04-16,09:19:04,2026-04-16,09:19:20,NIFTY,BUY,TYPE_B,PASSIVE,HIT_BID,24381.5,24382.6,NIFTY21APR2624350CE,24350.0,CE,197.3,198.65,197.1,198.88,200.0,195.0,0.025368,0.025141,ws,ws,type_b_ladder,type_b_ladder,False,False,0.2,-0.225,65,87.75,strategy_S9-150__TYPE_B:NIFTY:2026-04-16T09:19:04:LONG
2026-04-16,09:19:45,2026-04-16,09:20:12,NIFTY,BUY,TYPE_B,PASSIVE,HIT_BID,24389.35,24389.45,NIFTY21APR2624350CE,24350.0,CE,199.7,206.1,199.46,206.39,200.0,205.0,0.025063,0.024231,ws,ws,type_b_ladder,type_b_ladder,False,False,0.24,-0.2857,65,416.0,strategy_S9-150__TYPE_B:NIFTY:2026-04-16T09:19:45:LONG
2026-04-16,09:21:36,2026-04-16,09:21:54,NIFTY,SELL,TYPE_B,PASSIVE,HIT_BID,24385.85,24390.5,NIFTY21APR2624400PE,24400.0,PE,209.85,208.15,209.68,208.23,210.0,205.0,0.023846,0.023998,ws,ws,type_b_ladder,type_b_ladder,False,False,0.175,-0.08,65,-110.5,strategy_S9-150__TYPE_B:NIFTY:2026-04-16T09:21:36:SHORT
2026-04-16,09:22:15,2026-04-16,09:22:23,NIFTY,SELL,TYPE_B,PASSIVE,HIT_BID,24383.6,24387.3,NIFTY21APR2624400PE,24400.0,PE,208.9,207.9,208.88,208.26,210.0,205.0,0.023949,0.024024,ws,ws,type_b_ladder,type_b_ladder,False,False,0.025,-0.36,65,-65.0,strategy_S9-150__TYPE_B:NIFTY:2026-04-16T09:22:15:SHORT
2026-04-16,09:23:05,2026-04-16,09:23:33,NIFTY,SELL,TYPE_B,PASSIVE,HIT_BID,24385.65,24383.75,NIFTY21APR2624400PE,24400.0,PE,208.2,206.6,208.05,206.91,210.0,205.0,0.024033,0.024178,ws,ws,type_b_ladder,type_b_ladder,False,False,0.15,-0.313,65,-104.0,strategy_S9-150__TYPE_B:NIFTY:2026-04-16T09:23:05:SHORT
2026-04-16,09:24:33,2026-04-16,09:24:45,NIFTY,SELL,TYPE_B,PASSIVE,HIT_BID,24374.15,24375.75,NIFTY21APR2624400PE,24400.0,PE,210.85,208.45,210.81,208.66,215.0,205.0,0.023722,0.023966,ws,ws,type_b_ladder,type_b_ladder,False,False,0.0375,-0.21,65,-156.0,strategy_S9-150__TYPE_B:NIFTY:2026-04-16T09:24:33:SHORT
2026-04-16,09:25:09,2026-04-16,09:25:50,NIFTY,BUY,TYPE_B,PASSIVE,HIT_BID,24392.9,24397.55,NIFTY21APR2624350CE,24350.0,CE,203.3,207.45,203.2,207.65,205.0,205.0,0.024618,0.024088,ws,ws,type_b_ladder,type_b_ladder,False,False,0.1,-0.2,65,269.75,strategy_S9-150__TYPE_B:NIFTY:2026-04-16T09:25:09:LONG
2026-04-16,09:26:24,2026-04-16,09:26:56,NIFTY,SELL,TYPE_B,PASSIVE,HIT_BID,24390.9,24386.7,NIFTY21APR2624400PE,24400.0,PE,199.25,199.5,199.01,199.94,200.0,195.0,0.025119,0.025031,ws,ws,type_b_ladder,type_b_ladder,False,False,0.24,-0.4423,65,16.25,strategy_S9-150__TYPE_B:NIFTY:2026-04-16T09:26:24:SHORT
2026-04-16,09:27:15,2026-04-16,09:27:38,NIFTY,BUY,TYPE_B,PASSIVE,HIT_BID,24396.35,24393.45,NIFTY21APR2624350CE,24350.0,CE,207.5,204.3,207.12,204.33,210.0,200.0,0.024123,0.024456,ws,ws,type_b_ladder,type_b_ladder,False,False,0.375,-0.0333,65,-208.0,strategy_S9-150__TYPE_B:NIFTY:2026-04-16T09:27:15:LONG
2026-04-16,09:27:51,2026-04-16,09:28:13,NIFTY,SELL,TYPE_B,PASSIVE,HIT_BID,24386.95,24383.1,NIFTY21APR2624400PE,24400.0,PE,201.0,203.95,200.91,204.08,205.0,200.0,0.024903,0.024492,ws,ws,type_b_ladder,type_b_ladder,False,False,0.09,-0.1333,65,191.75,strategy_S9-150__TYPE_B:NIFTY:2026-04-16T09:27:51:SHORT
2026-04-16,09:29:12,2026-04-16,09:29:15,NIFTY,BUY,TYPE_B,PASSIVE,HIT_BID,24394.2,24390.35,NIFTY21APR2624350CE,24350.0,CE,207.35,205.6,207.23,205.96,210.0,205.0,0.024134,0.02429,ws,ws,type_b_ladder,type_b_ladder,False,False,0.1167,-0.3571,65,-113.75,strategy_S9-150__TYPE_B:NIFTY:2026-04-16T09:29:12:LONG
2026-04-16,09:29:53,2026-04-16,09:30:03,NIFTY,SELL,TYPE_B,PASSIVE,HIT_BID,24381.9,24388.2,NIFTY21APR2624400PE,24400.0,PE,203.5,200.75,203.29,200.79,205.0,200.0,0.024594,0.0249,ws,ws,type_b_ladder,type_b_ladder,False,False,0.2069,-0.0375,65,-178.75,strategy_S9-150__TYPE_B:NIFTY:2026-04-16T09:29:53:SHORT
2026-04-16,09:30:45,2026-04-16,09:30:48,NIFTY,BUY,TYPE_B,PASSIVE,HIT_BID,24394.35,24389.95,NIFTY21APR2624350CE,24350.0,CE,204.3,203.85,204.04,204.1,205.0,200.0,0.024501,0.024501,ws,ws,type_b_ladder,type_b_ladder,False,False,0.2571,-0.2531,65,-29.25,strategy_S9-150__TYPE_B:NIFTY:2026-04-16T09:30:45:LONG
2026-04-16,09:31:33,2026-04-16,09:32:15,NIFTY,SELL,TYPE_B,PASSIVE,HIT_BID,24385.2,24376.25,NIFTY21APR2624400PE,24400.0,PE,203.65,207.45,203.56,207.62,205.0,205.0,0.024564,0.024082,ws,ws,type_b_ladder,type_b_ladder,False,False,0.0941,-0.175,65,247.0,strategy_S9-150__TYPE_B:NIFTY:2026-04-16T09:31:33:SHORT
2026-04-16,09:32:31,2026-04-16,09:32:52,NIFTY,SELL,TYPE_B,PASSIVE,HIT_BID,24370.3,24369.5,NIFTY21APR2624400PE,24400.0,PE,210.3,211.35,209.86,211.74,215.0,210.0,0.023804,0.023632,ws,ws,type_b_ladder,type_b_ladder,False,False,0.4412,-0.3857,65,68.25,strategy_S9-150__TYPE_B:NIFTY:2026-04-16T09:32:31:SHORT
2026-04-16,09:33:00,2026-04-16,09:33:05,NIFTY,SELL,TYPE_B,PASSIVE,HIT_BID,24364.4,24367.2,NIFTY21APR2624400PE,24400.0,PE,215.0,214.1,214.7,214.18,215.0,210.0,0.023272,0.023348,ws,ws,type_b_ladder,type_b_ladder,False,False,0.298,-0.08,65,-58.5,strategy_S9-150__TYPE_B:NIFTY:2026-04-16T09:33:00:SHORT
2026-04-16,09:34:18,2026-04-16,09:34:39,NIFTY,SELL,TYPE_B,PASSIVE,HIT_BID,24353.7,24358.55,NIFTY21APR2624400PE,24400.0,PE,216.0,216.3,215.85,216.47,220.0,215.0,0.023156,0.023089,ws,ws,type_b_ladder,type_b_ladder,False,False,0.1488,-0.1667,65,19.5,strategy_S9-150__TYPE_B:NIFTY:2026-04-16T09:34:18:SHORT
2026-04-16,09:35:22,2026-04-16,09:35:31,NIFTY,SELL,TYPE_B,PASSIVE,HIT_BID,24355.05,24356.65,NIFTY21APR2624400PE,24400.0,PE,218.5,217.0,218.2,217.2,220.0,215.0,0.02291,0.02302,ws,ws,type_b_ladder,type_b_ladder,False,False,0.3,-0.2,65,-97.5,strategy_S9-150__TYPE_B:NIFTY:2026-04-16T09:35:22:SHORT
2026-04-16,09:36:15,2026-04-16,09:36:29,NIFTY,BUY,TYPE_B,PASSIVE,HIT_BID,24360.55,24359.85,NIFTY21APR2624350CE,24350.0,CE,189.1,188.9,188.97,189.12,190.0,185.0,0.026455,0.026441,ws,ws,type_b_ladder,type_b_ladder,False,False,0.1333,-0.2222,65,-13.0,strategy_S9-150__TYPE_B:NIFTY:2026-04-16T09:36:15:LONG
2026-04-16,09:37:05,2026-04-16,09:38:52,NIFTY,SELL,TYPE_B,PASSIVE,HIT_BID,24354.25,24315.6,NIFTY21APR2624400PE,24400.0,PE,220.95,241.15,220.79,241.56,225.0,240.0,0.02264,0.02071,ws,ws,type_b_ladder,type_b_ladder,False,False,0.16,-0.4125,65,1313.0,strategy_S9-150__TYPE_B:NIFTY:2026-04-16T09:37:05:SHORT
2026-04-16,09:39:11,2026-04-16,09:39:17,NIFTY,SELL,TYPE_B,PASSIVE,HIT_BID,24307.7,24311.25,NIFTY21APR2624350PE,24350.0,PE,221.2,220.3,221.02,220.55,225.0,220.0,0.022632,0.022671,ws,ws,type_b_ladder,type_b_ladder,False,False,0.1833,-0.25,65,-58.5,strategy_S9-150__TYPE_B:NIFTY:2026-04-16T09:39:11:SHORT
2026-04-16,09:39:30,2026-04-16,09:39:52,NIFTY,BUY,TYPE_B,PASSIVE,HIT_BID,24322.25,24325.1,NIFTY21APR2624300CE,24300.0,CE,201.6,201.2,201.51,201.39,205.0,200.0,0.024829,0.024832,ws,ws,type_b_ladder,type_b_ladder,False,False,0.09,-0.1875,65,-26.0,strategy_S9-150__TYPE_B:NIFTY:2026-04-16T09:39:30:LONG
2026-04-16,09:40:07,2026-04-16,09:40:22,NIFTY,BUY,TYPE_B,PASSIVE,HIT_BID,24330.05,24330.75,NIFTY21APR2624300CE,24300.0,CE,201.9,202.5,201.64,202.83,205.0,200.0,0.024786,0.024661,ws,ws,type_b_ladder,type_b_ladder,False,False,0.2625,-0.3333,65,39.0,strategy_S9-150__TYPE_B:NIFTY:2026-04-16T09:40:07:LONG
2026-04-16,09:40:58,2026-04-16,09:41:15,NIFTY,SELL,TYPE_B,PASSIVE,HIT_BID,24310.75,24312.1,NIFTY21APR2624350PE,24350.0,PE,220.05,217.4,219.99,217.85,225.0,215.0,0.022745,0.02297,ws,ws,type_b_ladder,type_b_ladder,False,False,0.0614,-0.4529,65,-172.25,strategy_S9-150__TYPE_B:NIFTY:2026-04-16T09:40:58:SHORT
2026-04-16,09:41:46,2026-04-16,09:42:06,NIFTY,SELL,TYPE_B,PASSIVE,HIT_BID,24307.85,24309.75,NIFTY21APR2624350PE,24350.0,PE,223.5,219.4,223.38,219.77,225.0,215.0,0.022384,0.022761,ws,ws,type_b_ladder,type_b_ladder,False,False,0.125,-0.3667,65,-266.5,strategy_S9-150__TYPE_B:NIFTY:2026-04-16T09:41:46:SHORT
2026-04-16,09:42:18,2026-04-16,09:42:24,NIFTY,BUY,TYPE_B,PASSIVE,HIT_BID,24314.8,24309.2,NIFTY21APR2624300CE,24300.0,CE,197.45,194.35,197.18,194.5,200.0,190.0,0.025352,0.025697,ws,ws,type_b_ladder,type_b_ladder,False,False,0.2727,-0.15,65,-201.5,strategy_S9-150__TYPE_B:NIFTY:2026-04-16T09:42:18:LONG
2026-04-16,09:43:47,2026-04-16,09:44:00,NIFTY,SELL,TYPE_B,PASSIVE,HIT_BID,24303.65,24304.85,NIFTY21APR2624350PE,24350.0,PE,224.7,222.95,224.36,223.14,225.0,220.0,0.022279,0.022404,ws,ws,type_b_ladder,type_b_ladder,False,False,0.3438,-0.1929,65,-113.75,strategy_S9-150__TYPE_B:NIFTY:2026-04-16T09:43:47:SHORT
2026-04-16,09:44:26,2026-04-16,09:44:30,NIFTY,SELL,TYPE_B,PASSIVE,HIT_BID,24301.75,24305.9,NIFTY21APR2624350PE,24350.0,PE,224.0,220.6,223.78,220.78,225.0,220.0,0.022346,0.02264,ws,ws,type_b_ladder,type_b_ladder,False,False,0.225,-0.1786,65,-221.0,strategy_S9-150__TYPE_B:NIFTY:2026-04-16T09:44:26:SHORT
2026-04-16,09:44:59,2026-04-16,09:45:10,NIFTY,SELL,TYPE_B,PASSIVE,HIT_BID,24301.95,24304.4,NIFTY21APR2624350PE,24350.0,PE,225.3,225.95,224.87,226.16,230.0,225.0,0.022217,0.022102,ws,ws,type_b_ladder,type_b_ladder,False,False,0.4259,-0.2063,65,42.25,strategy_S9-150__TYPE_B:NIFTY:2026-04-16T09:44:59:SHORT
2026-04-16,09:45:24,2026-04-16,09:45:35,NIFTY,SELL,TYPE_B,PASSIVE,HIT_BID,24293.15,24299.3,NIFTY21APR2624300PE,24300.0,PE,205.0,203.35,204.51,203.52,205.0,200.0,0.02442,0.024555,ws,ws,type_b_ladder,type_b_ladder,False,False,0.4939,-0.1719,65,-107.25,strategy_S9-150__TYPE_B:NIFTY:2026-04-16T09:45:24:SHORT
2026-04-16,09:46:00,2026-04-16,09:47:03,NIFTY,BUY,TYPE_B,PASSIVE,HIT_BID,24305.75,24326.1,NIFTY21APR2624300CE,24300.0,CE,192.95,199.2,192.82,199.32,195.0,195.0,0.02594,0.025085,ws,ws,type_b_ladder,type_b_ladder,False,False,0.1333,-0.125,65,406.25,strategy_S9-150__TYPE_B:NIFTY:2026-04-16T09:46:00:LONG
2026-04-16,09:47:56,2026-04-16,09:48:08,NIFTY,SELL,TYPE_B,PASSIVE,HIT_BID,24320.5,24319.9,NIFTY21APR2624350PE,24350.0,PE,213.8,213.65,213.63,213.82,215.0,210.0,0.023414,0.023381,ws,ws,type_b_ladder,type_b_ladder,False,False,0.1667,-0.1714,65,-9.75,strategy_S9-150__TYPE_B:NIFTY:2026-04-16T09:47:56:SHORT
2026-04-16,09:48:45,2026-04-16,09:48:47,NIFTY,BUY,TYPE_B,PASSIVE,HIT_BID,24332.7,24325.4,NIFTY21APR2624300CE,24300.0,CE,201.75,199.9,201.67,200.1,205.0,195.0,0.024808,0.024994,ws,ws,type_b_ladder,type_b_ladder,False,False,0.08,-0.2,65,-120.25,strategy_S9-150__TYPE_B:NIFTY:2026-04-16T09:48:45:LONG
2026-04-16,09:50:50,2026-04-16,09:50:55,NIFTY,BUY,TYPE_B,PASSIVE,HIT_BID,24333.55,24328.85,NIFTY21APR2624300CE,24300.0,CE,203.5,202.65,203.29,202.97,205.0,200.0,0.024588,0.024643,ws,ws,type_b_ladder,type_b_ladder,False,False,0.2118,-0.3182,65,-55.25,strategy_S9-150__TYPE_B:NIFTY:2026-04-16T09:50:50:LONG
2026-04-16,09:51:15,2026-04-16,09:51:45,NIFTY,SELL,TYPE_B,PASSIVE,HIT_BID,24322.85,24318.8,NIFTY21APR2624350PE,24350.0,PE,210.7,215.1,210.31,215.3,215.0,215.0,0.023756,0.023223,ws,ws,type_b_ladder,type_b_ladder,False,False,0.3937,-0.2,65,286.0,strategy_S9-150__TYPE_B:NIFTY:2026-04-16T09:51:15:SHORT
2026-04-16,09:52:25,2026-04-16,09:52:27,NIFTY,BUY,TYPE_B,PASSIVE,HIT_BID,24337.05,24333.55,NIFTY21APR2624300CE,24300.0,CE,205.0,203.0,204.6,203.31,205.0,200.0,0.024414,0.024609,ws,ws,type_b_ladder,type_b_ladder,False,False,0.3973,-0.3083,65,-130.0,strategy_S9-150__TYPE_B:NIFTY:2026-04-16T09:52:25:LONG
2026-04-16,09:52:47,2026-04-16,09:54:18,NIFTY,SELL,TYPE_B,PASSIVE,HIT_BID,24326.15,24306.45,NIFTY21APR2624350PE,24350.0,PE,209.4,222.0,209.2,222.31,210.0,220.0,0.023895,0.022495,ws,ws,type_b_ladder,type_b_ladder,False,False,0.2,-0.308,65,819.0,strategy_S9-150__TYPE_B:NIFTY:2026-04-16T09:52:47:SHORT
2026-04-16,09:54:30,2026-04-16,09:54:56,NIFTY,BUY,TYPE_B,PASSIVE,HIT_BID,24312.05,24316.45,NIFTY21APR2624300CE,24300.0,CE,194.35,194.7,194.12,194.76,195.0,190.0,0.02575,0.025657,ws,ws,type_b_ladder,type_b_ladder,False,False,0.2333,-0.0636,65,22.75,strategy_S9-150__TYPE_B:NIFTY:2026-04-16T09:54:30:LONG
2026-04-16,09:55:15,2026-04-16,09:55:21,NIFTY,SELL,TYPE_B,PASSIVE,HIT_BID,24305.6,24306.55,NIFTY21APR2624350PE,24350.0,PE,222.95,222.15,222.83,222.44,225.0,220.0,0.022449,0.022479,ws,ws,type_b_ladder,type_b_ladder,False,False,0.1227,-0.2912,65,-52.0,strategy_S9-150__TYPE_B:NIFTY:2026-04-16T09:55:15:SHORT
2026-04-16,09:55:30,2026-04-16,09:55:40,NIFTY,SELL,TYPE_B,PASSIVE,HIT_BID,24303.55,24305.95,NIFTY21APR2624350PE,24350.0,PE,222.65,222.1,222.51,222.25,225.0,220.0,0.022474,0.022497,ws,ws,type_b_ladder,type_b_ladder,False,False,0.14,-0.15,65,-35.75,strategy_S9-150__TYPE_B:NIFTY:2026-04-16T09:55:30:SHORT
2026-04-16,09:56:19,2026-04-16,09:56:37,NIFTY,SELL,TYPE_B,PASSIVE,HIT_BID,24294.7,24296.55,NIFTY21APR2624300PE,24300.0,PE,203.2,205.35,203.02,205.78,205.0,205.0,0.024637,0.024319,ws,ws,type_b_ladder,type_b_ladder,False,False,0.1786,-0.4259,65,139.75,strategy_S9-150__TYPE_B:NIFTY:2026-04-16T09:56:19:SHORT
2026-04-16,09:57:05,2026-04-16,09:57:47,NIFTY,SELL,TYPE_B,PASSIVE,HIT_BID,24291.7,24281.55,NIFTY21APR2624300PE,24300.0,PE,207.0,210.55,206.73,210.62,210.0,210.0,0.024181,0.023722,ws,ws,type_b_ladder,type_b_ladder,False,False,0.27,-0.075,65,230.75,strategy_S9-150__TYPE_B:NIFTY:2026-04-16T09:57:05:SHORT
2026-04-16,09:58:09,2026-04-16,09:58:16,NIFTY,SELL,TYPE_B,PASSIVE,HIT_BID,24276.4,24277.9,NIFTY21APR2624300PE,24300.0,PE,213.4,213.95,213.28,214.41,215.0,210.0,0.023449,0.023343,ws,ws,type_b_ladder,type_b_ladder,False,False,0.1167,-0.4615,65,35.75,strategy_S9-150__TYPE_B:NIFTY:2026-04-16T09:58:09:SHORT
2026-04-16,09:58:40,2026-04-16,09:58:55,NIFTY,BUY,TYPE_B,PASSIVE,HIT_BID,24283.9,24281.85,NIFTY21APR2624250CE,24250.0,CE,209.3,209.45,209.26,209.52,210.0,205.0,0.023909,0.023846,ws,ws,type_b_ladder,type_b_ladder,False,False,0.0438,-0.0692,65,9.75,strategy_S9-150__TYPE_B:NIFTY:2026-04-16T09:58:40:LONG
2026-04-16,09:59:26,2026-04-16,09:59:41,NIFTY,SELL,TYPE_B,PASSIVE,HIT_BID,24278.2,24278.55,NIFTY21APR2624300PE,24300.0,PE,214.0,217.2,213.6,217.43,215.0,215.0,0.023392,0.022996,ws,ws,type_b_ladder,type_b_ladder,False,False,0.3958,-0.225,65,208.0,strategy_S9-150__TYPE_B:NIFTY:2026-04-16T09:59:26:SHORT
2026-04-16,09:59:49,2026-04-16,10:00:16,NIFTY,SELL,TYPE_B,PASSIVE,HIT_BID,24273.0,24273.75,NIFTY21APR2624300PE,24300.0,PE,217.65,214.9,217.43,214.92,220.0,210.0,0.022996,0.02324,ws,ws,type_b_ladder,type_b_ladder,False,False,0.225,-0.0227,65,-178.75,strategy_S9-150__TYPE_B:NIFTY:2026-04-16T09:59:49:SHORT
2026-04-16,10:01:59,2026-04-16,10:02:17,NIFTY,BUY,TYPE_B,PASSIVE,HIT_BID,24288.3,24287.95,NIFTY21APR2624250CE,24250.0,CE,211.9,211.5,211.72,211.88,215.0,210.0,0.023624,0.023616,ws,ws,type_b_ladder,type_b_ladder,False,False,0.1818,-0.375,65,-26.0,strategy_S9-150__TYPE_B:NIFTY:2026-04-16T10:01:59:LONG
2026-04-16,10:03:00,2026-04-16,10:03:22,NIFTY,BUY,TYPE_B,PASSIVE,HIT_BID,24290.4,24285.4,NIFTY21APR2624250CE,24250.0,CE,212.25,209.8,212.13,209.91,215.0,205.0,0.023574,0.023807,ws,ws,type_b_ladder,type_b_ladder,False,False,0.12,-0.1125,65,-159.25,strategy_S9-150__TYPE_B:NIFTY:2026-04-16T10:03:00:LONG
2026-04-16,10:03:30,2026-04-16,10:03:36,NIFTY,SELL,TYPE_B,PASSIVE,HIT_BID,24281.85,24284.05,NIFTY21APR2624300PE,24300.0,PE,210.9,210.45,210.72,210.72,215.0,210.0,0.023733,0.023733,ws,ws,type_b_ladder,type_b_ladder,False,False,0.18,-0.27,65,-29.25,strategy_S9-150__TYPE_B:NIFTY:2026-04-16T10:03:30:SHORT
2026-04-16,10:04:00,2026-04-16,10:04:28,NIFTY,BUY,TYPE_B,PASSIVE,HIT_BID,24288.1,24288.4,NIFTY21APR2624250CE,24250.0,CE,211.6,211.0,211.28,211.27,215.0,210.0,0.023655,0.023674,ws,ws,type_b_ladder,type_b_ladder,False,False,0.3214,-0.2667,65,-39.0,strategy_S9-150__TYPE_B:NIFTY:2026-04-16T10:04:00:LONG
2026-04-16,10:04:49,2026-04-16,10:05:03,NIFTY,BUY,TYPE_B,PASSIVE,HIT_BID,24296.75,24299.2,NIFTY21APR2624250CE,24250.0,CE,214.3,215.6,214.01,215.86,215.0,215.0,0.023359,0.023167,ws,ws,type_b_ladder,type_b_ladder,False,False,0.2941,-0.2625,65,84.5,strategy_S9-150__TYPE_B:NIFTY:2026-04-16T10:04:49:LONG
2026-04-16,10:06:18,2026-04-16,10:06:30,NIFTY,SELL,TYPE_B,PASSIVE,HIT_BID,24291.65,24291.2,NIFTY21APR2624300PE,24300.0,PE,205.5,206.45,205.08,206.58,210.0,205.0,0.024358,0.024193,ws,ws,type_b_ladder,type_b_ladder,False,False,0.4179,-0.1286,65,61.75,strategy_S9-150__TYPE_B:NIFTY:2026-04-16T10:06:18:SHORT
2026-04-16,10:06:57,2026-04-16,10:07:26,NIFTY,SELL,TYPE_B,PASSIVE,HIT_BID,24284.75,24283.9,NIFTY21APR2624300PE,24300.0,PE,208.45,207.7,208.29,207.85,210.0,205.0,0.02401,0.024047,ws,ws,type_b_ladder,type_b_ladder,False,False,0.16,-0.15,65,-48.75,strategy_S9-150__TYPE_B:NIFTY:2026-04-16T10:06:57:SHORT
2026-04-16,10:07:36,2026-04-16,10:08:16,NIFTY,BUY,TYPE_B,PASSIVE,HIT_BID,24286.55,24302.15,NIFTY21APR2624250CE,24250.0,CE,213.95,218.05,213.92,218.08,215.0,215.0,0.023389,0.022912,ws,ws,type_b_ladder,type_b_ladder,False,False,0.0318,-0.0269,65,266.5,strategy_S9-150__TYPE_B:NIFTY:2026-04-16T10:07:36:LONG
2026-04-16,10:08:34,2026-04-16,10:08:42,NIFTY,BUY,TYPE_B,PASSIVE,HIT_BID,24308.15,24306.9,NIFTY21APR2624300CE,24300.0,CE,192.5,191.5,192.17,191.76,195.0,190.0,0.026001,0.026076,ws,ws,type_b_ladder,type_b_ladder,False,False,0.3333,-0.2593,65,-65.0,strategy_S9-150__TYPE_B:NIFTY:2026-04-16T10:08:34:LONG
2026-04-16,10:09:00,2026-04-16,10:09:15,NIFTY,BUY,TYPE_B,PASSIVE,HIT_BID,24309.25,24308.0,NIFTY21APR2624300CE,24300.0,CE,193.55,191.25,193.2,191.3,195.0,190.0,0.025867,0.026113,ws,ws,type_b_ladder,type_b_ladder,False,False,0.3462,-0.0474,65,-149.5,strategy_S9-150__TYPE_B:NIFTY:2026-04-16T10:09:00:LONG
2026-04-16,10:09:35,2026-04-16,10:09:41,NIFTY,BUY,TYPE_B,PASSIVE,HIT_BID,24310.25,24307.8,NIFTY21APR2624300CE,24300.0,CE,193.8,190.6,193.74,190.69,195.0,190.0,0.025823,0.026205,ws,ws,type_b_ladder,type_b_ladder,False,False,0.0583,-0.0923,65,-208.0,strategy_S9-150__TYPE_B:NIFTY:2026-04-16T10:09:35:LONG
2026-04-16,10:10:19,2026-04-16,10:10:40,NIFTY,BUY,TYPE_B,PASSIVE,HIT_BID,24313.1,24316.95,NIFTY21APR2624300CE,24300.0,CE,194.4,196.5,194.11,196.83,195.0,195.0,0.02575,0.025416,ws,ws,type_b_ladder,type_b_ladder,False,False,0.2864,-0.3273,65,136.5,strategy_S9-150__TYPE_B:NIFTY:2026-04-16T10:10:19:LONG
2026-04-16,10:11:15,2026-04-16,10:11:24,NIFTY,SELL,TYPE_B,PASSIVE,HIT_BID,24311.9,24315.4,NIFTY21APR2624350PE,24350.0,PE,219.9,217.65,219.65,217.77,220.0,215.0,0.022763,0.022954,ws,ws,type_b_ladder,type_b_ladder,False,False,0.25,-0.1167,65,-146.25,strategy_S9-150__TYPE_B:NIFTY:2026-04-16T10:11:15:SHORT
2026-04-16,10:12:22,2026-04-16,10:12:45,NIFTY,SELL,TYPE_B,PASSIVE,HIT_BID,24302.7,24297.55,NIFTY21APR2624350PE,24350.0,PE,222.5,224.4,222.04,224.67,225.0,220.0,0.022497,0.022264,ws,ws,type_b_ladder,type_b_ladder,False,False,0.4583,-0.2676,65,123.5,strategy_S9-150__TYPE_B:NIFTY:2026-04-16T10:12:22:SHORT
2026-04-16,10:13:23,2026-04-16,10:13:55,NIFTY,BUY,TYPE_B,PASSIVE,HIT_BID,24305.75,24308.35,NIFTY21APR2624300CE,24300.0,CE,194.4,194.45,194.36,194.69,195.0,190.0,0.02574,0.025687,ws,ws,type_b_ladder,type_b_ladder,False,False,0.0375,-0.2353,65,3.25,strategy_S9-150__TYPE_B:NIFTY:2026-04-16T10:13:23:LONG
2026-04-16,10:14:33,2026-04-16,10:14:58,NIFTY,BUY,TYPE_B,PASSIVE,HIT_BID,24307.95,24306.95,NIFTY21APR2624300CE,24300.0,CE,193.8,193.05,193.45,193.18,195.0,190.0,0.02583,0.025883,ws,ws,type_b_ladder,type_b_ladder,False,False,0.3462,-0.125,65,-48.75,strategy_S9-150__TYPE_B:NIFTY:2026-04-16T10:14:33:LONG
2026-04-16,10:15:31,2026-04-16,10:15:55,NIFTY,SELL,TYPE_B,PASSIVE,HIT_BID,24302.55,24297.65,NIFTY21APR2624350PE,24350.0,PE,222.8,224.9,222.65,224.94,225.0,220.0,0.022459,0.02223,ws,ws,type_b_ladder,type_b_ladder,False,False,0.15,-0.0357,65,136.5,strategy_S9-150__TYPE_B:NIFTY:2026-04-16T10:15:31:SHORT
2026-04-16,10:16:57,2026-04-16,10:17:00,NIFTY,BUY,TYPE_B,PASSIVE,HIT_BID,24312.9,24311.2,NIFTY21APR2624300CE,24300.0,CE,191.2,191.55,191.16,191.65,195.0,190.0,0.026178,0.026079,ws,ws,type_b_ladder,type_b_ladder,False,False,0.0381,-0.1,65,22.75,strategy_S9-150__TYPE_B:NIFTY:2026-04-16T10:16:57:LONG
2026-04-16,10:17:15,2026-04-16,10:17:34,NIFTY,SELL,TYPE_B,PASSIVE,HIT_BID,24300.1,24303.75,NIFTY21APR2624350PE,24350.0,PE,223.1,217.4,223.05,217.49,225.0,215.0,0.022422,0.022981,ws,ws,type_b_ladder,type_b_ladder,False,False,0.05,-0.0875,65,-370.5,strategy_S9-150__TYPE_B:NIFTY:2026-04-16T10:17:15:SHORT
2026-04-16,10:17:46,2026-04-16,10:17:55,NIFTY,BUY,TYPE_B,PASSIVE,HIT_BID,24304.9,24301.5,NIFTY21APR2624300CE,24300.0,CE,192.6,190.85,192.52,191.15,195.0,190.0,0.025977,0.026171,ws,ws,type_b_ladder,type_b_ladder,False,False,0.0833,-0.3,65,-113.75,strategy_S9-150__TYPE_B:NIFTY:2026-04-16T10:17:46:LONG
2026-04-16,10:18:14,2026-04-16,10:18:37,NIFTY,BUY,TYPE_B,PASSIVE,HIT_BID,24308.7,24315.15,NIFTY21APR2624300CE,24300.0,CE,193.5,193.15,193.34,193.23,195.0,190.0,0.025856,0.02586,ws,ws,type_b_ladder,type_b_ladder,False,False,0.157,-0.0842,65,-22.75,strategy_S9-150__TYPE_B:NIFTY:2026-04-16T10:18:14:LONG
2026-04-16,10:18:53,2026-04-16,10:19:16,NIFTY,BUY,TYPE_B,PASSIVE,HIT_BID,24320.75,24323.5,NIFTY21APR2624300CE,24300.0,CE,195.7,195.15,195.54,195.53,200.0,195.0,0.025575,0.025592,ws,ws,type_b_ladder,type_b_ladder,False,False,0.16,-0.3808,65,-35.75,strategy_S9-150__TYPE_B:NIFTY:2026-04-16T10:18:53:LONG
2026-04-16,10:19:46,2026-04-16,10:19:59,NIFTY,SELL,TYPE_B,PASSIVE,HIT_BID,24311.15,24309.7,NIFTY21APR2624350PE,24350.0,PE,217.9,217.0,217.81,217.4,220.0,215.0,0.022973,0.023015,ws,ws,type_b_ladder,type_b_ladder,False,False,0.0909,-0.4,65,-58.5,strategy_S9-150__TYPE_B:NIFTY:2026-04-16T10:19:46:SHORT
2026-04-16,10:24:02,2026-04-16,10:27:01,NIFTY,BUY,TYPE_B,PASSIVE,HIT_BID,24309.15,24314.3,NIFTY21APR2624300CE,24300.0,CE,189.6,192.8,189.35,192.96,190.0,190.0,0.026392,0.0259,ws,ws,type_b_ladder,type_b_ladder,False,False,0.25,-0.1607,65,208.0,strategy_S9-150__TYPE_B:NIFTY:2026-04-16T10:24:02:LONG
2026-04-16,10:27:16,2026-04-16,10:27:26,NIFTY,BUY,TYPE_B,PASSIVE,HIT_BID,24314.75,24313.25,NIFTY21APR2624300CE,24300.0,CE,190.8,190.45,190.71,190.53,195.0,190.0,0.02623,0.026226,ws,ws,type_b_ladder,type_b_ladder,False,False,0.0875,-0.0842,65,-22.75,strategy_S9-150__TYPE_B:NIFTY:2026-04-16T10:27:16:LONG
2026-04-16,10:30:06,2026-04-16,10:31:01,NIFTY,BUY,TYPE_B,PASSIVE,HIT_BID,24302.65,24306.25,NIFTY21APR2624300CE,24300.0,CE,186.7,186.45,186.35,186.7,190.0,185.0,0.02681,0.026788,ws,ws,type_b_ladder,type_b_ladder,False,False,0.35,-0.25,65,-16.25,strategy_S9-150__TYPE_B:NIFTY:2026-04-16T10:30:06:LONG
2026-04-16,10:39:15,2026-04-16,10:39:32,NIFTY,SELL,TYPE_B,PASSIVE,HIT_BID,24302.8,24297.2,NIFTY21APR2624350PE,24350.0,PE,221.0,220.65,220.72,220.96,225.0,220.0,0.022645,0.022642,ws,ws,type_b_ladder,type_b_ladder,False,False,0.2769,-0.3063,65,-22.75,strategy_S9-150__TYPE_B:NIFTY:2026-04-16T10:39:15:SHORT
2026-04-16,10:41:06,2026-04-16,10:41:11,NIFTY,SELL,TYPE_B,PASSIVE,HIT_BID,24298.5,24301.15,NIFTY21APR2624300PE,24300.0,PE,196.35,195.3,196.29,195.35,200.0,195.0,0.025487,0.025595,ws,ws,type_b_ladder,type_b_ladder,False,False,0.0565,-0.05,65,-68.25,strategy_S9-150__TYPE_B:NIFTY:2026-04-16T10:41:06:SHORT
2026-04-16,10:41:15,2026-04-16,10:41:41,NIFTY,BUY,TYPE_B,PASSIVE,HIT_BID,24303.85,24304.8,NIFTY21APR2624300CE,24300.0,CE,186.85,187.5,186.61,187.78,190.0,185.0,0.026781,0.026635,ws,ws,type_b_ladder,type_b_ladder,False,False,0.2444,-0.2769,65,42.25,strategy_S9-150__TYPE_B:NIFTY:2026-04-16T10:41:15:LONG
2026-04-16,10:41:51,2026-04-16,10:42:16,NIFTY,BUY,TYPE_B,PASSIVE,HIT_BID,24309.2,24309.5,NIFTY21APR2624300CE,24300.0,CE,189.9,187.85,189.86,187.96,190.0,185.0,0.026354,0.026606,ws,ws,type_b_ladder,type_b_ladder,False,False,0.0438,-0.1091,65,-133.25,strategy_S9-150__TYPE_B:NIFTY:2026-04-16T10:41:51:LONG
2026-04-16,10:42:30,2026-04-16,10:42:50,NIFTY,BUY,TYPE_B,PASSIVE,HIT_BID,24312.0,24313.75,NIFTY21APR2624300CE,24300.0,CE,190.35,191.1,190.23,191.49,195.0,190.0,0.026298,0.026137,ws,ws,type_b_ladder,type_b_ladder,False,False,0.1167,-0.3897,65,48.75,strategy_S9-150__TYPE_B:NIFTY:2026-04-16T10:42:30:LONG
2026-04-16,10:44:32,2026-04-16,10:44:37,NIFTY,BUY,TYPE_B,PASSIVE,HIT_BID,24315.05,24313.25,NIFTY21APR2624300CE,24300.0,CE,191.05,190.05,191.02,190.38,195.0,190.0,0.026178,0.026281,ws,ws,type_b_ladder,type_b_ladder,False,False,0.0333,-0.3333,65,-65.0,strategy_S9-150__TYPE_B:NIFTY:2026-04-16T10:44:32:LONG
2026-04-16,10:44:50,2026-04-16,10:44:56,NIFTY,SELL,TYPE_B,PASSIVE,HIT_BID,24307.4,24309.4,NIFTY21APR2624350PE,24350.0,PE,212.85,211.85,212.82,211.96,215.0,210.0,0.02351,0.023571,ws,ws,type_b_ladder,type_b_ladder,False,False,0.0292,-0.1058,65,-65.0,strategy_S9-150__TYPE_B:NIFTY:2026-04-16T10:44:50:SHORT
2026-04-16,10:45:00,2026-04-16,10:45:06,NIFTY,SELL,TYPE_B,PASSIVE,HIT_BID,24307.2,24309.6,NIFTY21APR2624350PE,24350.0,PE,212.8,211.35,212.6,211.43,215.0,210.0,0.023521,0.023641,ws,ws,type_b_ladder,type_b_ladder,False,False,0.2,-0.075,65,-94.25,strategy_S9-150__TYPE_B:NIFTY:2026-04-16T10:45:00:SHORT
2026-04-16,10:45:27,2026-04-16,10:45:40,NIFTY,BUY,TYPE_B,PASSIVE,HIT_BID,24317.2,24315.65,NIFTY21APR2624300CE,24300.0,CE,192.85,192.0,192.61,192.18,195.0,190.0,0.025957,0.026015,ws,ws,type_b_ladder,type_b_ladder,False,False,0.2438,-0.1846,65,-55.25,strategy_S9-150__TYPE_B:NIFTY:2026-04-16T10:45:27:LONG
2026-04-16,10:46:20,2026-04-16,10:46:30,NIFTY,BUY,TYPE_B,PASSIVE,HIT_BID,24317.1,24314.55,NIFTY21APR2624300CE,24300.0,CE,192.45,191.5,192.44,191.64,195.0,190.0,0.026011,0.026093,ws,ws,type_b_ladder,type_b_ladder,False,False,0.0098,-0.1364,65,-61.75,strategy_S9-150__TYPE_B:NIFTY:2026-04-16T10:46:20:LONG
2026-04-16,10:46:58,2026-04-16,10:47:08,NIFTY,BUY,TYPE_B,PASSIVE,HIT_BID,24319.55,24315.35,NIFTY21APR2624300CE,24300.0,CE,193.5,192.95,193.27,193.16,195.0,190.0,0.025856,0.025887,ws,ws,type_b_ladder,type_b_ladder,False,False,0.2273,-0.2133,65,-35.75,strategy_S9-150__TYPE_B:NIFTY:2026-04-16T10:46:58:LONG
2026-04-16,10:47:30,2026-04-16,10:47:48,NIFTY,BUY,TYPE_B,PASSIVE,HIT_BID,24320.3,24319.0,NIFTY21APR2624300CE,24300.0,CE,193.25,192.6,193.07,192.96,195.0,190.0,0.0259,0.025934,ws,ws,type_b_ladder,type_b_ladder,False,False,0.1778,-0.36,65,-42.25,strategy_S9-150__TYPE_B:NIFTY:2026-04-16T10:47:30:LONG
2026-04-16,10:48:00,2026-04-16,10:48:21,NIFTY,BUY,TYPE_B,PASSIVE,HIT_BID,24321.15,24325.4,NIFTY21APR2624300CE,24300.0,CE,194.0,194.35,193.7,194.43,195.0,190.0,0.025796,0.0257,ws,ws,type_b_ladder,type_b_ladder,False,False,0.2962,-0.08,65,22.75,strategy_S9-150__TYPE_B:NIFTY:2026-04-16T10:48:00:LONG
2026-04-16,10:49:28,2026-04-16,10:49:48,NIFTY,SELL,TYPE_B,PASSIVE,HIT_BID,24316.6,24314.15,NIFTY21APR2624350PE,24350.0,PE,208.6,207.15,208.27,207.2,210.0,205.0,0.023992,0.024123,ws,ws,type_b_ladder,type_b_ladder,False,False,0.3333,-0.05,65,-94.25,strategy_S9-150__TYPE_B:NIFTY:2026-04-16T10:49:28:SHORT
2026-04-16,10:51:01,2026-04-16,10:51:16,NIFTY,BUY,TYPE_B,PASSIVE,HIT_BID,24317.25,24315.25,NIFTY21APR2624300CE,24300.0,CE,192.9,191.1,192.68,191.44,195.0,190.0,0.025944,0.026134,ws,ws,type_b_ladder,type_b_ladder,False,False,0.2188,-0.3375,65,-117.0,strategy_S9-150__TYPE_B:NIFTY:2026-04-16T10:51:01:LONG
2026-04-16,10:51:45,2026-04-16,10:51:53,NIFTY,BUY,TYPE_B,PASSIVE,HIT_BID,24318.75,24316.05,NIFTY21APR2624300CE,24300.0,CE,193.0,192.0,192.81,192.22,195.0,190.0,0.02592,0.026025,ws,ws,type_b_ladder,type_b_ladder,False,False,0.1857,-0.22,65,-65.0,strategy_S9-150__TYPE_B:NIFTY:2026-04-16T10:51:45:LONG
2026-04-16,10:52:00,2026-04-16,10:52:21,NIFTY,SELL,TYPE_B,PASSIVE,HIT_BID,24313.55,24313.8,NIFTY21APR2624350PE,24350.0,PE,209.2,208.55,209.05,208.82,210.0,205.0,0.023912,0.023949,ws,ws,type_b_ladder,type_b_ladder,False,False,0.15,-0.27,65,-42.25,strategy_S9-150__TYPE_B:NIFTY:2026-04-16T10:52:00:SHORT
2026-04-16,10:53:18,2026-04-16,10:53:34,NIFTY,BUY,TYPE_B,PASSIVE,HIT_BID,24317.35,24317.35,NIFTY21APR2624300CE,24300.0,CE,192.75,191.7,192.72,192.02,195.0,190.0,0.025971,0.026052,ws,ws,type_b_ladder,type_b_ladder,False,False,0.0265,-0.3214,65,-68.25,strategy_S9-150__TYPE_B:NIFTY:2026-04-16T10:53:18:LONG
2026-04-16,10:54:34,2026-04-16,10:54:40,NIFTY,SELL,TYPE_B,PASSIVE,HIT_BID,24313.1,24313.9,NIFTY21APR2624350PE,24350.0,PE,210.5,208.75,210.28,208.81,215.0,205.0,0.023781,0.023943,ws,ws,type_b_ladder,type_b_ladder,False,False,0.2188,-0.06,65,-113.75,strategy_S9-150__TYPE_B:NIFTY:2026-04-16T10:54:34:SHORT
2026-04-16,10:55:21,2026-04-16,10:55:59,NIFTY,SELL,TYPE_B,PASSIVE,HIT_BID,24312.7,24311.35,NIFTY21APR2624350PE,24350.0,PE,210.5,212.5,210.44,212.79,215.0,210.0,0.023761,0.023505,ws,ws,type_b_ladder,type_b_ladder,False,False,0.0618,-0.2864,65,130.0,strategy_S9-150__TYPE_B:NIFTY:2026-04-16T10:55:21:SHORT
2026-04-16,10:56:23,2026-04-16,10:57:00,NIFTY,SELL,TYPE_B,PASSIVE,HIT_BID,24307.05,24304.95,NIFTY21APR2624350PE,24350.0,PE,213.35,215.45,213.12,215.51,215.0,215.0,0.02346,0.023191,ws,ws,type_b_ladder,type_b_ladder,False,False,0.225,-0.06,65,136.5,strategy_S9-150__TYPE_B:NIFTY:2026-04-16T10:56:23:SHORT
2026-04-16,10:57:30,2026-04-16,10:57:52,NIFTY,BUY,TYPE_B,PASSIVE,HIT_BID,24311.05,24311.15,NIFTY21APR2624300CE,24300.0,CE,189.0,189.4,188.81,189.43,190.0,185.0,0.026469,0.026382,ws,ws,type_b_ladder,type_b_ladder,False,False,0.1901,-0.0278,65,26.0,strategy_S9-150__TYPE_B:NIFTY:2026-04-16T10:57:30:LONG
2026-04-16,10:58:48,2026-04-16,10:59:13,NIFTY,SELL,TYPE_B,PASSIVE,HIT_BID,24304.9,24304.65,NIFTY21APR2624350PE,24350.0,PE,214.85,215.15,214.81,215.42,215.0,215.0,0.023299,0.023218,ws,ws,type_b_ladder,type_b_ladder,False,False,0.0385,-0.2667,65,19.5,strategy_S9-150__TYPE_B:NIFTY:2026-04-16T10:58:48:SHORT
2026-04-16,11:00:02,2026-04-16,11:00:30,NIFTY,BUY,TYPE_B,PASSIVE,HIT_BID,24311.15,24311.15,NIFTY21APR2624300CE,24300.0,CE,188.25,188.25,188.21,188.51,190.0,185.0,0.026571,0.026536,ws,ws,type_b_ladder,type_b_ladder,False,False,0.0375,-0.2625,65,0.0,strategy_S9-150__TYPE_B:NIFTY:2026-04-16T11:00:02:LONG
2026-04-16,11:01:19,2026-04-16,11:01:36,NIFTY,BUY,TYPE_B,PASSIVE,HIT_BID,24318.45,24320.25,NIFTY21APR2624300CE,24300.0,CE,192.85,192.05,192.67,192.3,195.0,190.0,0.025954,0.026004,ws,ws,type_b_ladder,type_b_ladder,False,False,0.1778,-0.25,65,-52.0,strategy_S9-150__TYPE_B:NIFTY:2026-04-16T11:01:19:LONG
2026-04-16,11:04:54,2026-04-16,11:05:06,NIFTY,SELL,TYPE_B,PASSIVE,HIT_BID,24319.55,24325.6,NIFTY21APR2624350PE,24350.0,PE,205.5,204.6,205.13,204.95,210.0,200.0,0.024361,0.024414,ws,ws,type_b_ladder,type_b_ladder,False,False,0.3667,-0.3455,65,-58.5,strategy_S9-150__TYPE_B:NIFTY:2026-04-16T11:04:54:SHORT
2026-04-16,11:07:08,2026-04-16,11:07:33,NIFTY,SELL,TYPE_B,PASSIVE,HIT_BID,24319.25,24317.25,NIFTY21APR2624350PE,24350.0,PE,204.9,204.05,204.56,204.41,205.0,200.0,0.024426,0.024477,ws,ws,type_b_ladder,type_b_ladder,False,False,0.3429,-0.36,65,-55.25,strategy_S9-150__TYPE_B:NIFTY:2026-04-16T11:07:08:SHORT
2026-04-16,11:07:50,2026-04-16,11:08:15,NIFTY,SELL,TYPE_B,PASSIVE,HIT_BID,24310.05,24310.0,NIFTY21APR2624350PE,24350.0,PE,206.2,208.8,206.16,208.96,210.0,205.0,0.024272,0.023921,ws,ws,type_b_ladder,type_b_ladder,False,False,0.0444,-0.162,65,169.0,strategy_S9-150__TYPE_B:NIFTY:2026-04-16T11:07:50:SHORT
2026-04-16,11:08:42,2026-04-16,11:08:58,NIFTY,BUY,TYPE_B,PASSIVE,HIT_BID,24327.2,24328.85,NIFTY21APR2624300CE,24300.0,CE,193.5,194.1,193.32,194.32,195.0,190.0,0.025863,0.025733,ws,ws,type_b_ladder,type_b_ladder,False,False,0.175,-0.2222,65,39.0,strategy_S9-150__TYPE_B:NIFTY:2026-04-16T11:08:42:LONG
2026-04-16,11:09:45,2026-04-16,11:11:15,NIFTY,SELL,TYPE_B,PASSIVE,HIT_BID,24323.95,24310.7,NIFTY21APR2624350PE,24350.0,PE,204.95,207.4,204.72,207.57,205.0,205.0,0.024414,0.024082,ws,ws,type_b_ladder,type_b_ladder,False,False,0.225,-0.1687,65,159.25,strategy_S9-150__TYPE_B:NIFTY:2026-04-16T11:09:45:SHORT
2026-04-16,11:12:45,2026-04-16,11:13:17,NIFTY,SELL,TYPE_B,PASSIVE,HIT_BID,24311.55,24307.0,NIFTY21APR2624350PE,24350.0,PE,211.75,210.5,211.43,210.9,215.0,210.0,0.023641,0.023722,ws,ws,type_b_ladder,type_b_ladder,False,False,0.3182,-0.3972,65,-81.25,strategy_S9-150__TYPE_B:NIFTY:2026-04-16T11:12:45:SHORT
2026-04-16,11:13:30,2026-04-16,11:13:47,NIFTY,BUY,TYPE_B,PASSIVE,HIT_BID,24312.4,24313.4,NIFTY21APR2624300CE,24300.0,CE,188.5,187.0,188.17,187.28,190.0,185.0,0.02656,0.026717,ws,ws,type_b_ladder,type_b_ladder,False,False,0.3333,-0.2821,65,-97.5,strategy_S9-150__TYPE_B:NIFTY:2026-04-16T11:13:30:LONG
2026-04-16,11:15:08,2026-04-16,11:15:15,NIFTY,BUY,TYPE_B,PASSIVE,HIT_BID,24317.3,24318.3,NIFTY21APR2624300CE,24300.0,CE,189.65,188.8,189.49,188.96,190.0,185.0,0.026389,0.026455,ws,ws,type_b_ladder,type_b_ladder,False,False,0.1556,-0.1571,65,-55.25,strategy_S9-150__TYPE_B:NIFTY:2026-04-16T11:15:08:LONG
2026-04-16,11:15:46,2026-04-16,11:16:10,NIFTY,SELL,TYPE_B,PASSIVE,HIT_BID,24311.35,24304.25,NIFTY21APR2624350PE,24350.0,PE,210.85,214.2,210.8,214.26,215.0,210.0,0.023722,0.023318,ws,ws,type_b_ladder,type_b_ladder,False,False,0.05,-0.0643,65,217.75,strategy_S9-150__TYPE_B:NIFTY:2026-04-16T11:15:46:SHORT
2026-04-16,11:17:00,2026-04-16,11:17:19,NIFTY,SELL,TYPE_B,PASSIVE,HIT_BID,24299.9,24299.95,NIFTY21APR2624300PE,24300.0,PE,191.65,192.2,191.43,192.54,195.0,190.0,0.02611,0.025984,ws,ws,type_b_ladder,type_b_ladder,False,False,0.225,-0.3375,65,35.75,strategy_S9-150__TYPE_B:NIFTY:2026-04-16T11:17:00:SHORT
2026-04-16,11:17:58,2026-04-16,11:18:06,NIFTY,SELL,TYPE_B,PASSIVE,HIT_BID,24294.65,24298.15,NIFTY21APR2624300PE,24300.0,PE,197.15,194.15,196.88,194.24,200.0,190.0,0.025381,0.02573,ws,ws,type_b_ladder,type_b_ladder,False,False,0.2667,-0.0875,65,-195.0,strategy_S9-150__TYPE_B:NIFTY:2026-04-16T11:17:58:SHORT
2026-04-16,11:18:15,2026-04-16,11:18:23,NIFTY,BUY,TYPE_B,PASSIVE,HIT_BID,24304.45,24302.3,NIFTY21APR2624300CE,24300.0,CE,183.85,183.3,183.82,183.33,185.0,180.0,0.0272,0.027255,ws,ws,type_b_ladder,type_b_ladder,False,False,0.0288,-0.0316,65,-35.75,strategy_S9-150__TYPE_B:NIFTY:2026-04-16T11:18:15:LONG
2026-04-16,11:18:33,2026-04-16,11:18:48,NIFTY,BUY,TYPE_B,PASSIVE,HIT_BID,24307.15,24305.8,NIFTY21APR2624300CE,24300.0,CE,184.75,184.45,184.72,184.57,185.0,180.0,0.027071,0.027089,ws,ws,type_b_ladder,type_b_ladder,False,False,0.0333,-0.125,65,-19.5,strategy_S9-150__TYPE_B:NIFTY:2026-04-16T11:18:33:LONG
2026-04-16,11:19:17,2026-04-16,11:19:51,NIFTY,BUY,TYPE_B,PASSIVE,HIT_BID,24312.75,24317.6,NIFTY21APR2624300CE,24300.0,CE,185.45,187.0,185.36,187.02,190.0,185.0,0.02698,0.026709,ws,ws,type_b_ladder,type_b_ladder,False,False,0.0938,-0.0182,65,100.75,strategy_S9-150__TYPE_B:NIFTY:2026-04-16T11:19:17:LONG
2026-04-16,11:20:35,2026-04-16,11:20:55,NIFTY,BUY,TYPE_B,PASSIVE,HIT_BID,24320.95,24323.7,NIFTY21APR2624300CE,24300.0,CE,188.6,188.6,188.56,188.89,190.0,185.0,0.026525,0.026483,ws,ws,type_b_ladder,type_b_ladder,False,False,0.04,-0.2909,65,0.0,strategy_S9-150__TYPE_B:NIFTY:2026-04-16T11:20:35:LONG
2026-04-16,11:21:59,2026-04-16,11:22:26,NIFTY,SELL,TYPE_B,PASSIVE,HIT_BID,24317.5,24306.25,NIFTY21APR2624350PE,24350.0,PE,205.85,209.0,205.49,209.28,210.0,205.0,0.024313,0.023898,ws,ws,type_b_ladder,type_b_ladder,False,False,0.3556,-0.2812,65,204.75,strategy_S9-150__TYPE_B:NIFTY:2026-04-16T11:21:59:SHORT
2026-04-16,11:22:45,2026-04-16,11:23:08,NIFTY,SELL,TYPE_B,PASSIVE,HIT_BID,24302.75,24302.4,NIFTY21APR2624350PE,24350.0,PE,211.0,211.0,210.83,211.13,215.0,210.0,0.023708,0.023685,ws,ws,type_b_ladder,type_b_ladder,False,False,0.1684,-0.1333,65,0.0,strategy_S9-150__TYPE_B:NIFTY:2026-04-16T11:22:45:SHORT
2026-04-16,11:23:40,2026-04-16,11:24:00,NIFTY,SELL,TYPE_B,PASSIVE,HIT_BID,24297.7,24299.0,NIFTY21APR2624300PE,24300.0,PE,188.95,189.0,188.92,189.23,190.0,185.0,0.026487,0.026431,ws,ws,type_b_ladder,type_b_ladder,False,False,0.0339,-0.2333,65,3.25,strategy_S9-150__TYPE_B:NIFTY:2026-04-16T11:23:40:SHORT
2026-04-16,11:26:04,2026-04-16,11:26:49,NIFTY,SELL,TYPE_B,PASSIVE,HIT_BID,24292.15,24286.9,NIFTY21APR2624300PE,24300.0,PE,196.0,201.45,195.6,201.58,200.0,200.0,0.02554,0.024811,ws,ws,type_b_ladder,type_b_ladder,False,False,0.4034,-0.1286,65,354.25,strategy_S9-150__TYPE_B:NIFTY:2026-04-16T11:26:04:SHORT
